id;isim;cevap;sira;resim_url
1;Jewelery Nebraska CSS;Agent;73548;Berkshire envisioneer
2;Handcrafted stable;Sausages;26953;Mexico Persistent
3;1080p e-enable Louisiana;approach;31466;ADP
4;withdrawal Canada;Intelligent;29323;Optional payment
5;virtual payment;solutions Intelligent Colon;67274;Peso
6;haptic experiences;Dakota Dollar compress;28484;HTTP Tools integrate
7;Chips;digital Wyoming;91157;enhance Samoa
8;Riyal;Outdoors panel fresh-thinking;90850;payment
9;National deposit;Sausages;71194;Island Regional Pants
10;Center;intranet;69337;cohesive online
